location,start_date,end_date,description,USA for sure,timestamp
Miami,11/22/2006,11/27/2006,White Party Week,0,20061026221710
Aspen,1/14/2007,1/21/2007,Gay and Lesbian Ski Week,0,20070114195410
Miami,1/28/2007,2/4/2007,Freedom Caribbean Cruise,0,20070125091636
Miami,2/28/2007,3/5/2007,Winter Party,0,20070206002150
Orlando,5/29/2007,6/4/2007,Gay Days Reunion Weekend,0,20070125091636
Orlando,5/29/2007,5/29/2007,Gay Days One Mighty Weekend,0,20070518172714
New York,6/17/2007,6/24/2007,NYC Gay Pride,0,20070518172714
San Francisco,6/23/2007,6/24/2007,San Francisco Pride,0,20070518172714
San Francisco,9/30/2007,9/30/2007,Folsom Street Fair,0,20070925160559
Miami,11/21/2007,11/26/2007,White Party Week,0,20071117111838
Aspen,1/13/2008,1/20/2008,Gay and Lesbian Ski Week,0,20071217191524
Miami,1/19/2008,1/26/2008,Atlantis Caribbean Cruise,0,20080117051103
New Orleans,2/1/2008,2/5/2008,Gay Mardi Gras,0,20080117051103
Miami,2/25/2008,2/25/2008,Winter Party Miami,1,20081220152307
Miami,2/27/2008,2/27/2008,Winter Party Miami,0,20080217232117
Chicago,5/22/2008,5/26/2008,International Mr Leather,0,20080419012735
Orlando,6/5/2008,6/8/2008,Gay Days One Mighty Weekend,0,20080526135008
Los Angeles,6/6/2008,6/8/2008,Los Angeles Pride,0,20080526135008
New York,6/22/2008,6/29/2008,NYC Gay Pride,0,20080526135008
San Francisco,6/28/2008,6/29/2008,San Francisco Pride,0,20080625230919
Chicago,6/29/2008,6/29/2008,Chicago Pride,0,20080625230919
New Orleans,8/27/2008,8/27/2008,Southern Decadence,0,20080724104742
San Francisco,9/28/2008,9/28/2008,Folsom Street Fair,0,20080913071856
Los Angeles,10/3/2008,10/5/2008,Gay Days Anaheim,0,20080930032343
Palm Springs,11/1/2008,11/2/2008,Greater Palm Springs Pride,0,20080930032343
Aspen,1/11/2009,1/18/2009,Gay and Lesbian Ski Week,1,20081220152307
New Orleans,2/19/2009,2/24/2009,Gay Mardi Gras,1,20090219140144
Miami,2/25/2009,3/2/2009,Winter Party Miami,1,20090222192240
Fort Lauderdale,3/8/2009,3/15/2009,Atlantis Caribbean Cruise,1,20090222192240
Las Vegas,5/1/2009,5/2/2009,Las Vegas Pride,1,20090421070047
Chicago,5/21/2009,5/25/2009,International Mr Leather,1,20090421070047
Orlando,6/4/2009,6/7/2009,Gay Days One Mighty Weekend,1,20090421070047
Los Angeles,6/12/2009,6/14/2009,Los Angeles Pride,1,20090421070047
New York,6/20/2009,6/28/2009,NYC Gay Pride,1,20090421070047
San Francisco,6/27/2009,6/28/2009,San Francisco Pride,1,20090421070047
Chicago,6/28/2009,6/28/2009,Chicago Pride,1,20090421070047
San Diego,7/18/2009,7/19/2009,San Diego Pride,1,20090421070047
New Orleans,9/2/2009,9/7/2009,Southern Decadence,1,20090820180634
San Francisco,9/27/2009,9/27/2009,Folsom Street Fair,1,20090820180634
Los Angeles,10/2/2009,10/4/2009,Gay Days Anaheim,1,20090820180634
Los Angeles,10/18/2009,10/25/2009,Atlantis LA Mexico gay cruise,1,20090820180634
Palm Springs,11/7/2009,11/8/2009,Greater Palm Springs Pride,1,20090820180634
Miami,11/25/2009,11/30/2009,White Party Week,1,20090820180634
Aspen,1/17/2010,1/24/2010,Gay and Lesbian Ski Week,1,20090820180634
Miami,1/17/2010,1/24/2010,Atlantis Caribbean Cruise,1,20090820180634
New Orleans,2/16/2010,2/16/2010,Gay Mardi Gras,1,20090820180634
Miami,3/3/2010,3/8/2010,Winter Party Miami,1,20090820180634
Fort Lauderdale,3/7/2010,3/14/2010,Atlantis Caribbean Cruise,1,20090820180634
Cleveland,4/22/2010,4/25/2010,Claw Leather Awareness,1,20100424005357
Dallas,4/30/2010,5/2/2010,Purple Party,1,20100429143621
Las Vegas,4/30/2010,5/1/2010,Las Vegas Pride,1,20100429143621
New York,5/16/2010,5/16/2010,NY AIDS Walk,1,20100429143621
Miami,5/27/2010,6/1/2010,Sizzle,1,20100429143621
Chicago,5/28/2010,5/31/2010,International Mr Leather,1,20100429143621
Key West,5/29/2010,6/6/2010,Key West PrideFest ,1,20100429143621
Orlando,6/1/2010,6/7/2010,Disney Gay Days,1,20100429143621
Boston,6/4/2010,6/13/2010,Boston Pride,1,20100429143621
Orlando,6/4/2010,6/6/2010,One Mighty Weekend,1,20100429143621
Washington D.C,6/4/2010,6/13/2010,Capital pride,1,20100429143621
Los Angeles,6/11/2010,6/13/2010,Los Angeles Pride,1,20100429143621
Honolulu,6/19/2010,6/19/2010,Honolulu gay pride,1,20100429143621
New York,6/19/2010,6/27/2010,NYC Gay Pride,1,20100429143621
New York,6/20/2010,6/20/2010,Folsom Street East,1,20100429143621
San Francisco,6/26/2010,6/27/2010,San Francisco Pride,1,20100429143621
New York,6/27/2010,6/27/2010,Dance at the Pier,1,20100429143621
Provincetown,7/1/2010,7/8/2010,Independence Weekend,1,20100429143621
Provincetown,7/10/2010,7/18/2010,Bear Week,1,20100429143621
San Diego,7/17/2010,7/18/2010,San Diego Pride,1,20100429143621
San Francisco,7/25/2010,7/25/2010,Up Your Alley,1,20100429143621
Chicago,8/7/2010,8/8/2010,Northalsted Market Days,1,20100429143621
Provincetown,8/15/2010,8/21/2010,Carnival,1,20100429143621
Black Rock Desert,9/1/2010,9/1/2010,Gay Pride at Burning man ,1,20100429143621
New Orleans,9/1/2010,9/6/2010,Southern Decadence,1,20100429143621
San Francisco,9/26/2010,9/26/2010,Folsom Street Fair,1,20100429143621
Los Angeles,10/1/2010,10/3/2010,Gay Days Anaheim,1,20100429143621
Los Angeles,10/17/2010,10/24/2010,Atlantis LA Mexico gay cruise,1,20100429143621
Honolulu,10/30/2010,11/6/2010,RSVP Hawaiian Islands Cruise,1,20100429143621
Palm Springs,11/6/2010,11/7/2010,Greater Palm Springs Pride,1,20100429143621
Miami,11/24/2010,11/29/2010,White Party Week,1,20100429143621
Washington D.C,1/14/2011,1/17/2011,Mid Atlantic Leather Weekend,1,20100429143621
Aspen,1/16/2011,1/23/2011,Gay and Lesbian Ski Week,1,20101222151431
Fort Lauderdale,2/6/2011,2/13/2011,Atlantis Caribbean Cruise,1,20100429143621
New Orleans,3/4/2011,3/8/2011,Gay Mardi Gras,1,20100429143621
Miami,3/9/2011,3/14/2011,Winter Party Miami,1,20110221072625
Fort Lauderdale,3/12/2011,3/13/2011,Pridefest South Florida,1,20110221072625
Mammoth Lakes,3/16/2011,3/20/2011,Elevation Mammoth gay ski week,1,20110221072625
Washington D.C,3/31/2011,4/3/2011,Cherry,1,20110221072625
Palm Springs,4/8/2011,4/11/2011,White Party Palm Springs,1,20110221072625
Miami,4/16/2011,4/16/2011,Miami Beach gay pride,1,20110221072625
Cleveland,4/28/2011,5/1/2011,Claw Leather Awareness,1,20110423050351
Dallas,4/29/2011,5/2/2011,Purple Party,1,20110423050351
Honolulu,5/9/2011,5/15/2011,Paradise Circuit Festival,1,20110423050351
New York,5/15/2011,5/15/2011,NY AIDS Walk,1,20110423050351
Los Angeles,5/21/2011,5/22/2011,Long Beach Pride,1,20110520094401
Miami,5/26/2011,5/31/2011,Sizzle,1,20110520094401
Washington D.C,5/26/2011,5/29/2011,DC Black Pride,1,20110520094401
Chicago,5/27/2011,5/30/2011,International Mr Leather,1,20110520094401
Orlando,5/31/2011,6/6/2011,Disney Gay Days,1,20110520094401
Orlando,6/2/2011,6/6/2011,Wonder World,1,20110520094401
Washington D.C,6/2/2011,6/12/2011,Capital pride,1,20110520094401
Boston,6/3/2011,6/12/2011,Boston Pride,1,20110520094401
Key West,6/8/2011,6/12/2011,Key West PrideFest ,1,20110520094401
Los Angeles,6/10/2011,6/12/2011,Los Angeles Pride,1,20110520094401
Portland,6/17/2011,6/19/2011,Portland Pride,1,20110520094401
New York,6/18/2011,6/26/2011,NYC Gay Pride,1,20110622195934
New York,6/19/2011,6/19/2011,Folsom Street East,1,20110520094401
New Orleans,6/24/2011,6/27/2011,Gay Pride New Orleans,1,20110622195934
New York,6/24/2011,6/24/2011,Harlem Pride 2011,1,20110622195934
Cleveland,6/25/2011,6/25/2011,Cleveland Pride,1,20110622195934
Houston,6/25/2011,6/25/2011,Gay Pride Houston,1,20110622195934
San Francisco,6/25/2011,6/26/2011,San Francisco Pride,1,20110622195934
Seattle,6/25/2011,6/26/2011,Seattle Pride,1,20110622195934
Chicago,6/26/2011,6/26/2011,Chicago Pride,1,20110622195934
New York,6/26/2011,6/26/2011,Dance at the Pier,1,20110622195934
Los Angeles,6/30/2011,7/4/2011,Black Pride at the Beach,1,20110622195934
Las Vegas,7/1/2011,7/4/2011,Ripped,1,20110622195934
Provincetown,7/1/2011,7/7/2011,Independence Weekend,1,20110622195934
Provincetown,7/3/2011,7/6/2011,Summer Camp,1,20110622195934
Provincetown,7/9/2011,7/17/2011,Bear Week,1,20110622195934
San Diego,7/15/2011,7/17/2011,San Diego Pride,1,20110622195934
San Francisco,7/31/2011,7/31/2011,Up Your Alley,1,20110622195934
New York,8/10/2011,8/14/2011,NYC Black Pride: Explosion,1,20110810142048
Chicago,8/13/2011,8/14/2011,Northalsted Market Days,1,20110810142048
Provincetown,8/14/2011,8/19/2011,Carnival,1,20110810142048
New Orleans,8/31/2011,9/5/2011,Southern Decadence,1,20110822223024
Austin,9/2/2011,9/5/2011,Splash Days ,1,20110822223024
Black Rock Desert,9/2/2011,9/2/2011,Gay Pride at Burning man ,1,20110822223024
San Francisco,9/4/2011,9/4/2011,Oakland Gay Pride,1,20110822223024
Honolulu,9/15/2011,9/17/2011,Honolulu gay pride,1,20110822223024
Las Vegas,9/16/2011,9/17/2011,Las Vegas Pride,1,20110822223024
San Francisco,9/25/2011,9/25/2011,Folsom Street Fair,1,20110822223024
Los Angeles,9/30/2011,10/2/2011,Gay Days Anaheim,1,20110822223024
Atlanta,10/8/2011,10/9/2011,Atlanta Pride,1,20110822223024
Los Angeles,10/15/2011,10/22/2011,Atlantis LA Mexico gay cruise,1,20101222151431
San Diego,10/15/2011,10/22/2011,Atlantis Mexican Riveira Cruise ,1,20110822223024
Los Angeles,10/31/2011,10/31/2011,Gay Halloween Streetparty,1,20111016162129
Palm Springs,11/5/2011,11/6/2011,Greater Palm Springs Pride,1,20110822223024
Miami,11/23/2011,11/28/2011,White Party Week,1,20110822223024
Washington D.C,1/13/2012,1/16/2012,Mid Atlantic Leather Weekend,1,20110822223024
Aspen,1/15/2012,1/22/2012,Gay and Lesbian Ski Week,1,20110822223024
Fort Lauderdale,1/29/2012,2/5/2012,Atlantis Caribbean Cruise,1,20110822223024
Miami,2/12/2012,2/19/2012,RSVP Caribbean Cruise,1,20120214203114
Fort Lauderdale,2/16/2012,2/20/2012,Winter Heat,1,20120214203114
New Orleans,2/17/2012,2/21/2012,Gay Mardi Gras,1,20110822223024
Miami,2/29/2012,3/5/2012,Winter Party Miami,1,20110822223024
Fort Lauderdale,3/10/2012,3/11/2012,Pridefest South Florida,1,20120228150415
Mammoth Lakes,3/14/2012,3/18/2012,Elevation Mammoth gay ski week,1,20110822223024
Los Angeles,3/16/2012,3/25/2012,LA Fetish Pride,1,20120314160457
New York,3/23/2012,3/24/2012,The Black Party,1,20120314160457
Washington D.C,3/29/2012,4/1/2012,Cherry,1,20120314160457
Palm Springs,4/6/2012,4/9/2012,White Party Palm Springs,1,20110822223024
New Orleans,4/8/2012,4/8/2012,Gay Easter Parade,1,20120405022352
Miami,4/14/2012,4/14/2012,Miami Beach gay pride,1,20110822223024
Cleveland,4/26/2012,4/29/2012,Claw Leather Awareness,1,20110822223024
Dallas,5/4/2012,5/7/2012,Purple Party,1,20120502004836
Honolulu,5/10/2012,5/13/2012,Paradise Circuit Festival,1,20110822223024
Los Angeles,5/19/2012,5/20/2012,Long Beach Pride,1,20120514081857
New York,5/20/2012,5/20/2012,NY AIDS Walk,1,20120514081857
Miami,5/24/2012,5/29/2012,Sizzle,1,20120514081857
Washington D.C,5/24/2012,5/28/2012,DC Black Pride,1,20120514081857
Pensacola,5/25/2012,5/28/2012,Memorial Weekend,1,20120514081857
Orlando,5/29/2012,6/4/2012,Disney Gay Days,1,20110822223024
Washington D.C,5/30/2012,6/10/2012,Capital pride,1,20120514081857
Orlando,5/31/2012,6/4/2012,Wonder World,1,20120514081857
Honolulu,6/2/2012,6/2/2012,Honolulu gay pride,1,20120514081857
Los Angeles,6/8/2012,6/10/2012,Los Angeles Pride,1,20110822223024
Boston,6/9/2012,6/9/2012,Boston Pride,1,20120514081857
Portland,6/15/2012,6/17/2012,Portland Pride,1,20120616003919
New York,6/16/2012,6/24/2012,NYC Gay Pride,1,20120616003919
New York,6/17/2012,6/17/2012,Folsom Street East,1,20120616003919
New York,6/22/2012,6/24/2012,Harlem Pride,1,20120616003919
Houston,6/23/2012,6/23/2012,Gay Pride Houston,1,20120616003919
San Francisco,6/23/2012,6/24/2012,San Francisco Pride,1,20120616003919
Seattle,6/24/2012,6/24/2012,Seattle Pride,1,20120616003919
Los Angeles,6/28/2012,7/2/2012,Black Pride at the Beach,1,20110822223024
Provincetown,7/3/2012,7/6/2012,Summer Camp,1,20120625184950
Provincetown,7/7/2012,7/15/2012,Bear Week,1,20120625184950
New York,7/18/2012,7/22/2012,Sand Blast Weekend,1,20120625184950
San Diego,7/21/2012,7/22/2012,San Diego Pride,1,20120625184950
San Francisco,7/29/2012,7/29/2012,Up Your Alley,1,20120625184950
Provincetown,7/3/2012,7/5/2012,Independence Weekend,1,20120625184950
Chicago,8/11/2012,8/12/2012,Northalsted Market Days,1,20120804155106
Provincetown,8/12/2012,8/18/2012,Carnival,1,20120804155106
Key West,8/16/2012,8/19/2012,Tropical Heat,1,20120819214633
New Orleans,8/30/2012,9/3/2012,Southern Decadence,1,20120825082342
Austin,8/31/2012,9/3/2012,Splash Days ,1,20120825082342
Oakland,9/2/2012,9/2/2012,Oakland Gay Pride,1,20120825082342
Las Vegas,9/4/2012,9/10/2012,Gay Days Las Vegas,1,20110822223024
Key West,9/6/2012,9/10/2012,Key West PrideFest ,1,20110822223024
Las Vegas,9/7/2012,9/8/2012,Las Vegas Pride,1,20120825082342
Orlando,9/13/2012,9/16/2012,Bear Bash,1,20120915052450
Austin,9/22/2012,9/22/2012,Austin Gay Pride,1,20120915052450
San Francisco,9/23/2012,9/23/2012,Folsom Street Fair,1,20120915052450
Orlando,10/1/2012,10/7/2012,Orlando Pride,1,20120915052450
Anaheim,10/5/2012,10/7/2012,Gay Days Anaheim,1,20120915052450
Orlando,10/6/2012,10/6/2012,Orlando Pride,1,20120825082342
New York,10/11/2012,10/11/2012,Barbra Back To Brooklyn,1,20120915052450
Atlanta,10/13/2012,10/14/2012,Atlanta Pride,1,20120915052450
Oceanside,10/13/2012,10/13/2012,Pride @ the beach,1,20120915052450
New Orleans,10/25/2012,10/31/2012,Halloween,1,20121026150829
Los Angeles,10/28/2012,11/4/2012,Atlantis LA Mexico gay cruise,1,20121026150829
Los Angeles,10/31/2012,10/31/2012,Gay Halloween Streetparty,1,20121026150829
Palm Springs,11/4/2012,11/4/2012,Greater Palm Springs Pride,1,20121026150829
Miami,11/21/2012,11/26/2012,White Party Week,1,20121126084714
Washington D.C,1/11/2013,1/14/2013,Mid Atlantic Leather Weekend,1,20121227013902
Aspen,1/13/2013,1/20/2013,Gay and Lesbian Ski Week,1,20121026150829
Fort Lauderdale,2/2/2013,2/10/2013,Atlantis Caribbean all gay cruise,1,20130115080740
New Orleans,2/8/2013,2/12/2013,Gay Mardi Gras,1,20130115080740
Fort Lauderdale,2/9/2013,2/16/2013,RSVP Mardi Gras Caribbean Cruise,1,20130115080740
Miami,3/6/2013,3/11/2013,Winter Party Miami,1,20130115080740
Fort Lauderdale,3/9/2013,3/10/2013,Pridefest South Florida,1,20121026150829
Mammoth Lakes,3/13/2013,3/17/2013,Elevation Mammoth gay ski week,1,20130115080740
New York,3/22/2013,3/24/2013,The Black Party,1,20130115080740
Palm Springs,3/29/2013,4/1/2013,White Party Palm Springs,1,20130115080740
New Orleans,3/31/2013,3/31/2013,Gay Easter Parade,1,20130115080740
Washington D.C,4/4/2013,4/7/2013,Cherry,1,20121227013902
Miami,4/14/2013,4/14/2013,Miami Beach gay pride,1,20130115080740
Cleveland,4/25/2013,4/28/2013,Claw Leather Awareness,1,20121026150829
Dallas,5/3/2013,5/6/2013,Purple Party,1,20130502104732
Los Angeles,5/18/2013,5/19/2013,Long Beach Pride,1,20130518162639
New York,5/19/2013,5/19/2013,NY AIDS Walk,1,20130518162639
Miami,5/23/2013,5/28/2013,Sizzle,1,20130524134202
Pensacola,5/23/2013,5/27/2013,Memorial Weekend,1,20121026150829
Chicago,5/24/2013,5/27/2013,International Mr Leather,1,20130524134202
Chicago,5/24/2013,5/27/2013,International Mr Leather,1,20121026150829
Las Vegas,5/24/2013,5/27/2013,Matinee Festival,1,20130524134202
Washington D.C,5/24/2013,5/26/2013,DC Black Pride,1,20130524134202
Orlando,5/28/2013,6/3/2013,Disney Gay Days,1,20130524134202
Washington D.C,5/29/2013,6/9/2013,Capital pride,1,20121227013902
Orlando,5/30/2013,6/3/2013,Wonder World,1,20130524134202
Boston,5/31/2013,6/9/2013,Boston Pride,1,20130524134202
Orlando,5/31/2013,6/2/2013,One Mighty Weekend,1,20130524134202
Honolulu,6/1/2013,6/1/2013,Honolulu gay pride,1,20130524134202
Dallas,6/5/2013,6/8/2013,Razzle Dazzle,1,20130524134202
Key West,6/5/2013,6/9/2013,Key West PrideFest ,1,20130524134202
Los Angeles,6/7/2013,6/9/2013,Los Angeles Pride,1,20130524134202
Detroit,6/8/2013,6/9/2013,Motor City Pride,1,20130524134202
Philadelphia,6/9/2013,6/9/2013,Philly Gay Pride,1,20130524134202
Denver,6/15/2013,6/16/2013,Gay Pride Fest Denver,1,20130524134202
Portland,6/15/2013,6/16/2013,Portland Pride,1,20130524134202
Providence,6/15/2013,6/15/2013,Rhode Island Pride,1,20130524134202
New Orleans,6/20/2013,6/24/2013,Gay Pride New Orleans,1,20130524134202
Houston,6/21/2013,6/30/2013,Gay Pride Houston,1,20130524134202
New York,6/23/2013,6/23/2013,Folsom Street East,1,20130524134202
Chicago,6/28/2013,6/30/2013,Chicago Pride,1,20130524134202
New York,6/28/2013,6/30/2013,NYC Gay Pride,1,20130524134202
Cleveland,6/29/2013,6/29/2013,Cleveland Pride,1,20130524134202
Minneapolis,6/29/2013,6/30/2013,Twin Cities Pride,1,20130524134202
San Francisco,6/29/2013,6/30/2013,San Francisco Pride,1,20130524134202
Seattle,6/29/2013,6/30/2013,Seattle Pride,1,20130524134202
New York,6/30/2013,6/30/2013,Dance at the Pier,1,20130524134202
Provincetown,7/1/2013,7/6/2013,Independence Weekend,1,20130524134202
Los Angeles,7/3/2013,7/7/2013,Black Pride at the Beach,1,20130524134202
Provincetown,7/3/2013,7/6/2013,Summer Camp,1,20130524134202
San Diego,7/12/2013,7/14/2013,San Diego Pride,1,20130524134202
Provincetown,7/13/2013,7/21/2013,Bear Week,1,20130721015633
New York,7/19/2013,7/21/2013,Sand Blast Weekend,1,20130721015633
Seattle,7/21/2013,7/28/2013,RSVP gay Alaska cruise,1,20130724162342
San Francisco,7/28/2013,7/28/2013,Up Your Alley,1,20130724162342
Chicago,8/10/2013,8/11/2013,Northalsted Market Days,1,20130810083652
New York,8/14/2013,8/18/2013,NYC Black Pride: Explosion,1,20130818182510
Key West,8/15/2013,8/18/2013,Tropical Heat,1,20130818182510
New York,8/16/2013,8/18/2013,Ascension Fire Island,1,20130818182510
Provincetown,8/18/2013,8/24/2013,Carnival,1,20130818182510
Black Rock Desert,8/26/2013,9/2/2013,Burning man,1,20130818182510
New Orleans,8/28/2013,9/2/2013,Southern Decadence,1,20130818182510
Austin,8/30/2013,9/2/2013,Splash Days ,1,20130818182510
San Francisco,9/1/2013,9/1/2013,Oakland Gay Pride,1,20130818182510
Las Vegas,9/3/2013,9/9/2013,Gay Days Las Vegas,1,20130818182510
Las Vegas,9/6/2013,9/7/2013,Las Vegas Pride,1,20130818182510
Austin,9/7/2013,9/7/2013,Austin Gay Pride,1,20130818182510
Dallas,9/15/2013,9/15/2013,Dallas Gay Pride,1,20130818182510
Orlando,9/26/2013,9/29/2013,Bear Bash,1,20130818182510
San Francisco,9/29/2013,9/29/2013,Folsom Street Fair,1,20130818182510
Orlando,10/1/2013,10/6/2013,Orlando Pride,1,20130818182510
Los Angeles,10/4/2013,10/6/2013,Gay Days Anaheim,1,20130818182510
Atlanta,10/12/2013,10/13/2013,Atlanta Pride,1,20130818182510
Oceanside,10/12/2013,10/12/2013,Pride @ the beach,1,20130818182510
Philadelphia,10/13/2013,10/13/2013,Outfest,1,20130818182510
New York,10/19/2013,10/26/2013,Cruise4Bears NYC to Caribbean Cruise,1,20131018194707
New Orleans,10/24/2013,10/27/2013,Halloween,1,20131018194707
Palm Springs,11/2/2013,11/3/2013,Greater Palm Springs Pride,1,20131103171700
Los Angeles,11/10/2013,11/17/2013,Atlantis LA Mexico gay cruise,1,20131103171700
Miami,11/27/2013,12/2/2013,White Party Week,1,20131103171700
Aspen,1/12/2014,1/19/2014,Gay and Lesbian Ski Week,1,20131227131208
Washington D.C,1/14/2014,1/17/2014,Mid Atlantic Leather Weekend,1,20131227131208
Las Vegas,1/19/2014,1/19/2014,Hustlaball Las Vegas,1,20131227131208
Fort Lauderdale,2/1/2014,2/8/2014,Olivia Lesbian Cruise,1,20140217192042
Fort Lauderdale,2/2/2014,2/9/2014,Atlantis Caribbean all gay cruise,1,20140208090951
Miami,2/15/2014,2/22/2014,RSVP Caribbean Cruise,1,20140217192042
New Orleans,2/28/2014,3/4/2014,Gay Mardi Gras,1,20140217192042
Fort Lauderdale,3/1/2014,3/2/2014,Pridefest South Florida,1,20140217192042
Miami,3/5/2014,3/10/2014,Winter Party Miami,1,20140217192042
Mammoth Lakes,3/12/2014,3/16/2014,Elevation Mammoth gay ski week,1,20140217192042
New York,3/22/2014,3/22/2014,The Black Party,1,20140217192042
Los Angeles,3/23/2014,3/30/2014,LA Fetish Pride,1,20140217192042
Phoenix,4/5/2014,4/6/2014,Phoenix gay pride,1,20140217192042
Miami,4/11/2014,4/13/2014,Miami Beach gay pride,1,20140217192042
New Orleans,4/20/2014,4/20/2014,Gay Easter Parade,1,20140217192042
Cleveland,4/24/2014,4/27/2014,Claw Leather Awareness,1,20140217192042
Palm Springs,4/25/2014,4/28/2014,White Party Palm Springs,1,20140217192042
Palm Springs,5/2/2014,5/4/2014,Blatino Oasis,1,20140217192042
Washington D.C,5/27/2014,6/8/2014,Capital pride,1,20131203134632
Dallas,5/9/2014,5/12/2014,Purple Party,1,20140217192042
Los Angeles,5/17/2014,5/18/2014,Long Beach Pride,1,20140217192042
New York,5/18/2014,5/18/2014,NY AIDS Walk,1,20140217192042
Miami,5/22/2014,5/27/2014,Sizzle,1,20140217192042
Pensacola,5/22/2014,5/26/2014,Memorial Weekend,1,20140217192042
Chicago,5/23/2014,5/26/2014,International Mr Leather,1,20140217192042
Washington D.C,5/23/2014,5/26/2014,DC Black Pride,1,20140217192042
Orlando,6/3/2014,6/10/2014,Disney Gay Days,1,20140217192042
Orlando,6/5/2014,6/8/2014,One Mighty Weekend,1,20140217192042
Boston,6/6/2014,6/16/2014,Boston Pride,1,20140217192042
Dallas,6/6/2014,6/8/2014,Razzle Dazzle,1,20140217192042
Los Angeles,6/6/2014,6/8/2014,Los Angeles Pride,1,20140217192042
Detroit,6/7/2014,6/8/2014,Motor City Pride,1,20140217192042
Honolulu,6/7/2014,6/7/2014,Honolulu gay pride,1,20140217192042
Philadelphia,6/8/2014,6/8/2014,Philly Gay Pride,1,20140217192042
Key West,6/11/2014,6/15/2014,Key West PrideFest,1,20140217192042
Portland,6/14/2014,6/15/2014,Portland Pride,1,20140217192042
New Orleans,6/20/2014,6/22/2014,Gay Pride New Orleans,1,20140621041238
Chicago,6/21/2014,6/22/2014,Chicago Pride,1,20140621041238
Denver,6/21/2014,6/22/2014,Gay Pride Fest Denver,1,20140621041238
Houston,6/21/2014,6/30/2014,Gay Pride Houston,1,20140625131713
Providence,6/21/2014,6/21/2014,Rhode Island Pride,1,20140621041238
New York,6/22/2014,6/22/2014,Folsom Street East,1,20140621041238
New York,6/22/2014,6/29/2014,Harlem Pride,1,20140625131713
New York,6/27/2014,6/29/2014,NYC Gay Pride,1,20140625131713
Cleveland,6/28/2014,6/28/2014,Cleveland Pride,1,20140625131713
Minneapolis,6/28/2014,6/29/2014,Twin Cities Pride,1,20140625131713
Provincetown,6/28/2014,7/5/2014,Independence Weekend,1,20140625131713
San Francisco,6/28/2014,6/29/2014,San Francisco Pride,1,20140625131713
Seattle,6/28/2014,6/29/2014,Seattle Pride,1,20140625131713
New York,6/29/2014,6/29/2014,Dance at the Pier,1,20140625131713
Los Angeles,7/4/2014,7/6/2014,Black Pride at the Beach,1,20140625131713
Provincetown,7/12/2014,7/20/2014,Bear Week,1,20140625131713
San Diego,7/16/2014,7/20/2014,San Diego Pride,1,20140625131713
New York,7/18/2014,7/20/2014,Sand Blast Weekend,1,20140625131713
San Francisco,7/27/2014,7/27/2014,Up Your Alley,1,20140625131713
Chicago,8/9/2014,8/10/2014,Northalsted Market Days,1,20140625131713
Cleveland,8/9/2014,8/16/2014,2014 Gay Games,1,20140625131713
Key West,8/14/2014,8/17/2014,Tropical Heat,1,20140625131713
New York,8/15/2014,8/17/2014,Ascension Fire Island,1,20140625131713
Provincetown,8/16/2014,8/22/2014,Carnival,1,20140625131713
Black Rock Desert,8/25/2014,9/1/2014,Burning man,1,20140625131713
New Orleans,8/27/2014,9/1/2014,Southern Decadence,1,20140625131713
Austin,8/30/2014,9/1/2014,Splash Days,1,20140625131713
San Francisco,8/31/2014,8/31/2014,Oakland Gay Pride,1,20140625131713
Las Vegas,9/2/2014,9/8/2014,Gay Days Las Vegas,1,20140625131713
Las Vegas,9/5/2014,9/6/2014,Las Vegas Pride,1,20140625131713
Miami,9/11/2014,9/15/2014,Kiki Cruise,1,20140625131713
Austin,9/20/2014,9/20/2014,Austin Gay Pride,1,20140625131713
Dallas,9/21/2014,9/21/2014,Dallas Gay Pride,1,20140625131713
San Francisco,9/21/2014,9/21/2014,Folsom Street Fair,1,20140625131713
Orlando,9/25/2014,9/28/2014,Bear Bash,1,20140625131713
Orlando,9/29/2014,10/5/2014,Orlando Pride,1,20140625131713
Los Angeles,10/3/2014,10/5/2014,Gay Days Anaheim,1,20140625131713
Los Angeles,10/5/2014,10/13/2014,Atlantis LA Mexico gay cruise,1,20140625131713
Atlanta,10/11/2014,10/12/2014,Atlanta Pride,1,20140625131713
Oceanside,10/11/2014,10/11/2014,Pride @ the beach,1,20140625131713
New Orleans,10/23/2014,10/26/2014,Halloween,1,20140625131713
Los Angeles,10/31/2014,10/31/2014,Gay Halloween Streetparty,1,20140625131713
Palm Springs,11/8/2014,11/9/2014,Greater Palm Springs Pride,1,20140625131713
Tampa,11/23/2014,11/30/2014,Olivia Lesbian Cruise,1,20141111033426
Miami,11/26/2014,12/1/2014,White Party Week,1,20141111033426
Las Vegas,12/30/2014,1/1/2015,Evolve Vegas NYE,1,20141111033426
Aspen,1/11/2015,1/18/2015,Gay and Lesbian Ski Week,1,20141111033426
Washington D.C,1/16/2015,1/19/2015,Mid Atlantic Leather Weekend,1,20141111033426
Las Vegas,1/18/2015,1/18/2015,Hustlaball Las Vegas,1,20141111033426
Fort Lauderdale,2/1/2015,2/8/2015,Atlantis Caribbean all gay cruise,1,20150206071059
Fort Lauderdale,2/8/2015,2/15/2015,RSVP Caribbean Cruise,1,20150209072027
New Orleans,2/13/2015,2/17/2015,Gay Mardi Gras,1,20150209072027
Fort Lauderdale,2/28/2015,3/1/2015,Pridefest South Florida,1,20150221185553
Miami,3/4/2015,3/9/2015,Winter Party Miami,1,20150305025840
Mammoth Lakes,3/18/2015,3/22/2015,Elevation Mammoth gay ski week,1,20150320042803
New York,3/21/2015,3/21/2015,The Black Party,1,20150320042803
Los Angeles,3/22/2015,3/29/2015,LA Fetish Pride,1,20150328094953
New Orleans,4/5/2015,4/5/2015,Gay Easter Parade,1,20150328094953
Miami,4/10/2015,4/12/2015,Miami Beach gay pride,1,20150408041928
Cleveland,4/23/2015,4/26/2015,Claw Leather Awareness,1,20150408041928
Palm Springs,4/24/2015,4/27/2015,White Party Palm Springs,1,20150408041928
Palm Springs,5/1/2015,5/3/2015,Blatino Oasis,1,20150408041928
Dallas,5/8/2015,5/11/2015,Purple Party,1,20150508011054
Los Angeles,5/16/2015,5/17/2015,Long Beach Pride,1,20150508011054
Miami,5/21/2015,5/25/2015,Sizzle,1,20150508011054
Pensacola,5/21/2015,5/25/2015,Memorial Weekend,1,20150508011054
Chicago,5/22/2015,5/25/2015,International Mr Leather,1,20150508011054
Las Vegas,5/22/2015,5/25/2015,Matinee Las Vegas Festival,1,20150508011054
Orlando,6/2/2015,6/8/2015,Disney Gay Days,1,20150608071721
Boston,6/5/2015,6/14/2015,Boston Pride,1,20150608071721
Orlando,6/5/2015,6/7/2015,One Magical Weekend,1,20150508011054
Washington D.C,6/5/2015,6/14/2015,Capital pride,1,20150608071721
Detroit,6/6/2015,6/7/2015,Motor City Pride,1,20150508011054
Honolulu,6/6/2015,6/6/2015,Honolulu gay pride,1,20150508011054
Key West,6/10/2015,6/14/2015,Key West PrideFest,1,20150608071721
Los Angeles,6/12/2015,6/14/2015,Los Angeles Pride,1,20150608071721
Portland,6/13/2015,6/14/2015,Portland Pride,1,20150608071721
Philadelphia,6/14/2015,6/14/2015,Philly Gay Pride,1,20150608071721
Houston,6/19/2015,6/28/2015,Gay Pride Houston,1,20150608071721
New Orleans,6/19/2015,6/21/2015,Gay Pride New Orleans,1,20150608071721
Chicago,6/20/2015,6/28/2015,Chicago Pride,1,20150608071721
Denver,6/20/2015,6/21/2015,Gay Pride Fest Denver,1,20150608071721
New York,6/26/2015,6/28/2015,NYC Gay Pride,1,20150608071721
Minneapolis,6/27/2015,6/28/2015,Twin Cities Pride,1,20150608071721
San Francisco,6/27/2015,6/28/2015,San Francisco Pride,1,20150608071721
Seattle,6/27/2015,6/28/2015,Seattle Pride,1,20150608071721
New York,6/28/2015,6/28/2015,Dance at the Pier,1,20150608071721
Provincetown,7/2/2015,7/10/2015,Independence Weekend,1,20150608071721
Los Angeles,7/3/2015,7/6/2015,Black Pride at the Beach,1,20150608071721
Provincetown,7/11/2015,7/19/2015,Bear Week,1,20150608071721
San Diego,7/17/2015,7/18/2015,San Diego Pride,1,20150608071721
San Francisco,7/26/2015,7/26/2015,Up Your Alley,1,20150608071721
Seattle,8/1/2015,8/8/2015,RSVP gay Alaska cruise,1,20150801025925
Chicago,8/8/2015,8/9/2015,Northalsted Market Days,1,20150801025925
Key West,8/13/2015,8/16/2015,Tropical Heat,1,20150810140229
Austin,8/29/2015,8/29/2015,Austin Gay Pride,1,20150820052720
Black Rock Desert,8/31/2015,9/7/2015,Burning man,1,20150907014517
New Orleans,9/2/2015,9/7/2015,Southern Decadence,1,20150907014517
Austin,9/4/2015,9/7/2015,Splash Days,1,20150907014517
Las Vegas,9/8/2015,9/14/2015,Gay Days Las Vegas,1,20150908202707
San Francisco,9/13/2015,9/13/2015,Oakland Gay Pride,1,20150908202707
Las Vegas,9/18/2015,9/19/2015,Las Vegas Pride,1,20150908202707
Dallas,9/20/2015,9/20/2015,Dallas Gay Pride,1,20150908202707
Orlando,9/22/2015,9/27/2015,Bear Bash,1,20150923151241
San Francisco,9/27/2015,9/27/2015,Folsom Street Fair,1,20150923151241
Los Angeles,10/2/2015,10/4/2015,Gay Days Anaheim,1,20150923151241
Orlando,10/8/2015,10/10/2015,Orlando Pride,1,20151009080824
Atlanta,10/10/2015,10/11/2015,Atlanta Pride,1,20151009080824
Fort Lauderdale,10/10/2015,10/11/2015,Pridefest South Florida,1,20151009080824
Oceanside,10/10/2015,10/10/2015,Pride @ the beach,1,20151009080824
Philadelphia,10/11/2015,10/11/2015,Outfest,1,20151009080824
Los Angeles,10/25/2015,11/1/2015,Atlantis LA Mexico gay cruise,1,20151025080402
New Orleans,10/29/2015,11/1/2015,Halloween,1,20151025080402
Los Angeles,10/31/2015,10/31/2015,Gay Halloween Streetparty,1,20151025080402
Palm Springs,11/6/2015,11/8/2015,Greater Palm Springs Pride,1,20151025080402
Miami,11/26/2015,11/30/2015,White Party Week,1,20151113081840
Washington D.C,1/15/2016,1/18/2016,Mid Atlantic Leather Weekend,1,20160103162350
Aspen,1/17/2016,1/24/2016,Gay and Lesbian Ski Week,1,20160121002803
Fort Lauderdale,1/23/2016,1/31/2016,Atlantis Caribbean all gay cruise,1,20160129194805
New Orleans,2/5/2016,2/9/2016,Gay Mardi Gras,1,20160206133029
Fort Lauderdale,2/7/2016,2/14/2016,RSVP Caribbean Cruise,1,20160206133029
Miami,3/2/2016,3/7/2016,Winter Party Miami,1,20160306231958
Mammoth Lakes,3/16/2016,3/20/2016,Elevation Mammoth gay ski week,1,20160314101730
New York,3/19/2016,3/19/2016,The Black Party,1,20160314101730
Los Angeles,3/27/2016,4/3/2016,LA Fetish Pride,1,20160329153126
New Orleans,3/27/2016,3/27/2016,Gay Easter Parade,1,20160325094701
Phoenix,4/2/2016,4/3/2016,Phoenix gay pride,1,20160329153126
Miami,4/8/2016,4/10/2016,Miami Beach gay pride,1,20160329153126
Palm Springs,4/8/2016,4/11/2016,White Party Palm Springs,1,20160329153126
Washington D.C,4/14/2016,4/17/2016,Cherry,1,20160414162521
Cleveland,4/28/2016,5/1/2016,Claw Leather Awareness,1,20160429063314
Palm Springs,5/5/2016,5/8/2016,Blatino Oasis,1,20160429063314
Dallas,5/13/2016,5/16/2016,Purple Party,1,20160516033420
Los Angeles,5/21/2016,5/22/2016,Long Beach Pride,1,20160516033420
New York,5/21/2016,5/28/2016,Atlantis all gay cruise New York,1,20160516033420
Miami,5/26/2016,5/30/2016,Sizzle,1,20160516033420
Chicago,5/27/2016,5/30/2016,International Mr Leather,1,20160516033420
Las Vegas,5/27/2016,5/30/2016,Matinee Las Vegas Festival,1,20160516033420
Washington D.C,5/27/2016,5/30/2016,DC Black Pride,1,20160516033420
Orlando,5/31/2016,6/6/2016,Disney Gay Days,1,20160516033420
Boston,6/3/2016,6/12/2016,Boston Pride,1,20160610154341
Orlando,6/3/2016,6/5/2016,One Magical Weekend,1,20160516033420
Key West,6/8/2016,6/12/2016,Key West PrideFest,1,20160610154341
Los Angeles,6/10/2016,6/12/2016,Los Angeles Pride,1,20160610154341
Detroit,6/11/2016,6/12/2016,Motor City Pride,1,20160610154341
Washington D.C,6/11/2016,6/12/2016,Capital pride,1,20160610154341
Philadelphia,6/12/2016,6/12/2016,Philly Gay Pride,1,20160610154341
New Orleans,6/17/2016,6/19/2016,Gay Pride New Orleans,1,20160610154341
Chicago,6/18/2016,6/19/2016,Chicago Pride,1,20160610154341
Denver,6/18/2016,6/19/2016,Gay Pride Fest Denver,1,20160610154341
Providence,6/18/2016,6/18/2016,Rhode Island Pride,1,20160610154341
Houston,6/19/2016,6/26/2016,Gay Pride Houston,1,20160610154341
New York,6/19/2016,6/19/2016,Folsom Street East,1,20160610154341
New York,6/19/2016,6/26/2016,NYC Gay Pride,1,20160610154341
Minneapolis,6/25/2016,6/27/2016,Twin Cities Pride,1,20160610154341
San Francisco,6/25/2016,6/26/2016,San Francisco Pride,1,20160610154341
Seattle,6/25/2016,6/26/2016,Seattle Pride,1,20160610154341
Provincetown,6/30/2016,7/7/2016,Independence Weekend,1,20160610154341
Provincetown,7/9/2016,7/17/2016,Bear Week,1,20160712041902
San Diego,7/15/2016,7/17/2016,San Diego Pride,1,20160712041902
San Francisco,7/26/2016,7/26/2016,Up Your Alley,1,20160516033420
Key West,8/11/2016,8/14/2016,Tropical Heat,1,20160811182559
Chicago,8/13/2016,8/14/2016,Northalsted Market Days,1,20160811182559
Cleveland,8/13/2016,8/13/2016,Cleveland Pride,1,20160811182559
Provincetown,8/13/2016,8/19/2016,Carnival,1,20160811182559
Austin,8/27/2016,8/27/2016,Austin Gay Pride,1,20160811182559
Black Rock Desert,8/28/2016,9/5/2016,Burning man,1,20160902062753
New Orleans,8/31/2016,9/5/2016,Southern Decadence,1,20160902062753
Austin,9/2/2016,9/5/2016,Splash Days,1,20160902062753
Las Vegas,9/6/2016,9/12/2016,Gay Days Las Vegas,1,20160902062753
San Francisco,9/11/2016,9/11/2016,Oakland Gay Pride,1,20160902062753
Las Vegas,9/16/2016,9/17/2016,Las Vegas Pride,1,20160902062753
Dallas,9/18/2016,9/18/2016,Dallas Gay Pride,1,20160902062753
Orlando,9/20/2016,9/25/2016,Bear Bash,1,20160923132242
San Francisco,9/25/2016,9/25/2016,Folsom Street Fair,1,20160923132242
Los Angeles,9/30/2016,10/2/2016,Gay Days Anaheim,1,20160923132242
Atlanta,10/8/2016,10/9/2016,Atlanta Pride,1,20161007141134
Oceanside,10/8/2016,10/8/2016,Pride @ the beach,1,20161007141134
Orlando,10/8/2016,10/8/2016,Orlando Pride,1,20161007141134
New Orleans,10/27/2016,10/30/2016,Halloween,1,20161017221752
San Diego,10/29/2016,11/5/2016,Atlantis Mexico Halloween cruise,1,20161017221752
Los Angeles,10/31/2016,10/31/2016,Gay Halloween Streetparty,1,20161017221752
Palm Springs,11/4/2016,11/6/2016,Greater Palm Springs Pride,1,20161017221752
Miami,11/25/2016,11/28/2016,White Party Week,1,20161128184001
Las Vegas,12/31/2016,12/31/2016,Evolve Vegas NYE,1,20161128184001
Washington D.C,1/13/2017,1/15/2017,Mid Atlantic Leather Weekend,1,20161128184001
Aspen,1/15/2017,1/22/2017,Gay and Lesbian Ski Week,1,20161128184001
Fort Lauderdale,1/22/2017,1/29/2017,Atlantis Caribbean all gay cruise,1,20161128184001
Fort Lauderdale,2/5/2017,2/12/2017,RSVP Caribbean Cruise,1,20161128184001
New Orleans,2/24/2017,2/28/2017,Gay Mardi Gras,1,20170216000808
Fort Lauderdale,2/26/2017,2/26/2017,Pride Fort Lauderdale,1,20170216000808
Miami,3/1/2017,3/6/2017,Winter Party Miami,1,20170216000808
Mammoth Lakes,3/15/2017,3/19/2017,Elevation Mammoth gay ski week,1,20170216000808
Phoenix,4/1/2017,4/2/2017,Phoenix gay pride,1,20170216000808
Miami,4/7/2017,4/9/2017,Miami Beach gay pride,1,20170216000808
New Orleans,4/16/2017,4/16/2017,Gay Easter Parade,1,20170216000808
Washington D.C,4/20/2017,4/23/2017,Cherry,1,20170216000808
Cleveland,4/27/2017,4/30/2017,Claw Leather Awareness,1,20170430133150
Dallas,4/28/2017,5/1/2017,Purple Party,1,20170430133150
Palm Springs,5/4/2017,5/7/2017,Blatino Oasis,1,20170430133150
Palm Springs,5/5/2017,5/8/2017,White Party Palm Springs,1,20170430133150
Los Angeles,5/20/2017,5/21/2017,Long Beach Pride,1,20170430133150
Chicago,5/25/2017,5/29/2017,International Mr Leather,1,20170430133150
Miami,5/25/2017,5/29/2017,Sizzle,1,20170430133150
Las Vegas,5/26/2017,5/29/2017,Matinee Las Vegas Festival,1,20170430133150
Miami,5/26/2017,6/4/2017,4th World Outgames 2017,1,20170430133150
Washington D.C,5/26/2017,5/29/2017,DC Black Pride,1,20170430133150
Orlando,5/30/2017,6/5/2017,Disney Gay Days,1,20170430133150
Orlando,6/2/2017,6/4/2017,One Magical Weekend,1,20170430133150
Boston,6/3/2017,6/11/2017,Boston Pride,1,20170606142336
Key West,6/7/2017,6/11/2017,Key West PrideFest,1,20170606142336
New Orleans,6/9/2017,6/11/2017,Gay Pride New Orleans,1,20170606142336
Washington D.C,6/9/2017,6/11/2017,Capital pride,1,20170606142336
Detroit,6/10/2017,6/11/2017,Motor City Pride,1,20170606142336
New York,6/17/2017,6/25/2017,NYC Gay Pride,1,20170624193132
Portland,6/17/2017,6/18/2017,Portland Pride,1,20170612224258
Houston,6/18/2017,6/25/2017,Gay Pride Houston,1,20170624193132
New York,6/18/2017,6/18/2017,Folsom Street East,1,20170612224258
Chicago,6/24/2017,6/25/2017,Chicago Pride,1,20170624193132
Cleveland,6/24/2017,6/24/2017,Cleveland Pride,1,20170624193132
San Francisco,6/24/2017,6/25/2017,San Francisco Pride,1,20170624193132
Seattle,6/25/2017,6/25/2017,Seattle Pride,1,20170624193132
Provincetown,6/29/2017,7/6/2017,Independence Weekend,1,20170703064340
Provincetown,7/8/2017,7/16/2017,Bear Week,1,20170703064340
Seattle,8/5/2017,8/12/2017,RSVP gay Alaska cruise,1,20170718072114
Chicago,8/12/2017,8/13/2017,Northalsted Market Days,1,20170718072114
Black Rock Desert,8/27/2017,9/4/2017,Burning man,1,20170818204900
New Orleans,8/30/2017,9/4/2017,Southern Decadence,1,20170818204900
Dallas,9/16/2017,9/17/2017,Dallas Pride Weekend,1,20170818204900
Orlando,9/26/2017,10/1/2017,Bear Bash,1,20170919072341
Austin,9/30/2017,9/30/2017,Austin Gay Pride,1,20170919072341
Los Angeles,10/6/2017,10/8/2017,Gay Days Anaheim,1,20171007081717
San Diego,10/14/2017,10/21/2017,Atlantis Mexico cruise,1,20171021034442
Las Vegas,10/20/2017,10/22/2017,Las Vegas Pride,1,20171021034442
Austin,10/21/2017,10/21/2017,Austin Gay Pride,1,20171021034442
Honolulu,10/21/2017,10/21/2017,Honolulu gay pride,1,20171021034442
Los Angeles,10/31/2017,10/31/2017,Gay Halloween Streetparty,1,20171021034442
Palm Springs,11/3/2017,11/5/2017,Greater Palm Springs Pride,1,20171021034442
Miami,11/23/2017,11/27/2017,White Party Week,1,20171119010656
Aspen,1/14/2018,1/21/2018,Gay and Lesbian Ski Week,1,20180120232738
Fort Lauderdale,1/20/2018,1/27/2018,Atlantis Caribbean all gay cruise,1,20180120232738
Fort Lauderdale,2/9/2018,2/11/2018,Pride Fort Lauderdale,1,20180206181114
New Orleans,2/9/2018,2/13/2018,Gay Mardi Gras,1,20180206181114
Fort Lauderdale,2/11/2018,2/18/2018,RSVP Caribbean Cruise,1,20180214023437
Miami,2/28/2018,3/6/2018,Winter Party Miami,1,20180214023437
Mammoth Lakes,3/14/2018,3/18/2018,Elevation Mammoth gay ski week,1,20180318061951
New Orleans,4/1/2018,4/1/2018,Gay Easter Parade,1,20180318061951
Miami,4/2/2018,4/8/2018,Miami Beach gay pride,1,20180408065530
Tampa,4/2/2018,4/9/2018,Olivia Lesbian Cruise,1,20180408065530
Phoenix,4/7/2018,4/8/2018,Phoenix gay pride,1,20180408065530
Washington D.C,4/12/2018,4/15/2018,Cherry,1,20180408065530
Cleveland,4/26/2018,4/29/2018,Claw Leather Awareness,1,20180620225535
Palm Springs,4/27/2018,4/30/2018,White Party Palm Springs,1,20180620225535
Palm Springs,5/4/2018,5/6/2018,Blatino Oasis,1,20180620225535
Dallas,5/11/2018,5/14/2018,Purple Party,1,20180620225535
Los Angeles,5/19/2018,5/20/2018,Long Beach Pride,1,20180620225535
New York,5/20/2018,5/20/2018,NY AIDS Walk,1,20180620225535
Chicago,5/24/2018,5/28/2018,International Mr Leather,1,20180620225535
Miami,5/24/2018,5/28/2018,Sizzle,1,20180620225535
Las Vegas,5/25/2018,5/28/2018,Matinee Las Vegas Festival,1,20180620225535
Washington D.C,5/25/2018,5/28/2018,DC Black Pride,1,20180620225535
Orlando,5/29/2018,6/3/2018,Disney Gay Days,1,20180620225535
Boston,6/1/2018,6/10/2018,Boston Pride,1,20180620225535
Orlando,6/1/2018,6/4/2018,One Magical Weekend,1,20180620225535
Key West,6/6/2018,6/10/2018,Key West PrideFest,1,20180620225535
Washington D.C,6/7/2018,6/10/2018,Capital pride,1,20180620225535
New Orleans,6/8/2018,6/10/2018,Gay Pride New Orleans,1,20180620225535
Detroit,6/9/2018,6/10/2018,Motor City Pride,1,20180620225535
Los Angeles,6/9/2018,6/10/2018,Los Angeles Pride,1,20180620225535
Philadelphia,6/10/2018,6/10/2018,Philly Gay Pride,1,20180620225535
New York,6/15/2018,6/24/2018,NYC Gay Pride,1,20180620225535
Denver,6/16/2018,6/17/2018,Gay Pride Fest Denver,1,20180620225535
Portland,6/16/2018,6/17/2018,Portland Pride,1,20180620225535
Providence,6/16/2018,6/16/2018,Rhode Island Pride,1,20180620225535
New York,6/17/2018,6/17/2018,Folsom Street East,1,20180620225535
Chicago,6/23/2018,6/24/2018,Chicago Pride,1,20180620225535
Minneapolis,6/23/2018,6/24/2018,Twin Cities Pride,1,20180620225535
San Francisco,6/23/2018,6/24/2018,San Francisco Pride,1,20180620225535
Seattle,6/23/2018,6/24/2018,Seattle Pride,1,20180620225535
Houston,6/24/2018,6/30/2018,Gay Pride Houston,1,20180620225535
Provincetown,6/27/2018,7/6/2018,Independence Weekend,1,20180620225535
Provincetown,7/7/2018,7/15/2018,Bear Week,1,20180620225535
San Diego,7/14/2018,7/15/2018,San Diego Pride,1,20180620225535
San Francisco,7/29/2018,7/29/2018,Up Your Alley,1,20180620225535
Chicago,8/11/2018,8/12/2018,Northalsted Market Days,1,20180620225535
Provincetown,8/11/2018,8/17/2018,Carnival,1,20180620225535
Key West,8/15/2018,8/19/2018,Tropical Heat,1,20180620225535
New York,8/15/2018,8/19/2018,NYC Black Pride: Explosion,1,20180620225535
Austin,8/25/2018,8/25/2018,Austin Gay Pride,1,20180620225535
Black Rock Desert,8/26/2018,9/3/2018,Burning man,1,20180620225535
New Orleans,8/30/2018,9/3/2018,Southern Decadence,1,20180620225535
San Francisco,9/9/2018,9/9/2018,Oakland Gay Pride,1,20180620225535
Dallas,9/15/2018,9/16/2018,Dallas Pride Weekend,1,20180620225535
Orlando,9/25/2018,9/30/2018,Bear Bash,1,20180620225535
San Francisco,9/30/2018,9/30/2018,Folsom Street Fair,1,20180620225535
Los Angeles,10/5/2018,10/7/2018,Gay Days Anaheim,1,20180620225535
Atlanta,10/13/2018,10/14/2018,Atlanta Pride,1,20180620225535
Atlanta,10/13/2018,10/14/2018,Atlanta Pride ,1,20181208102934
Oceanside,10/13/2018,10/13/2018,Pride @ the beach ,1,20181208102934
Orlando,10/13/2018,10/13/2018,Orlando Pride,1,20180620225535
San Diego,10/14/2018,10/21/2018,Atlantis Mexico cruise,1,20180620225535
Las Vegas,10/19/2018,10/21/2018,Las Vegas Pride,1,20180620225535
Honolulu,10/20/2018,10/20/2018,Honolulu gay pride,1,20180620225535
New Orleans,10/26/2018,10/28/2018,Halloween ,1,20181208102934
Los Angeles,10/31/2018,10/31/2018,Gay Halloween Streetparty,1,20180620225535
Palm Springs,11/2/2018,11/4/2018,Greater Palm Springs Pride,1,20180620225535
Miami,11/22/2018,11/26/2018,White Party Week,1,20180620225535
Fort Lauderdale,11/23/2018,12/3/2018,Pig Week ,1,20181208102934
San Francisco,12/7/2018,12/9/2018,Black XXXMas ,1,20181208102934
Aspen,1/13/2019,1/20/2019,Gay and Lesbian Ski Week,1,20180620225535
Washington D.C,1/18/2019,1/20/2019,Mid Atlantic Leather Weekend ,1,20181208102934
Miami,2/3/2019,2/10/2019,Atlantis Allure all gay cruise ,1,20181208102934
Fort Lauderdale,2/10/2019,2/17/2019,RSVP Caribbean Cruise ,1,20181208102934
Fort Lauderdale,2/24/2019,2/24/2019,Pride Fort Lauderdale ,1,20181208102934
Miami,2/27/2019,3/5/2019,Winter Party Miami ,1,20181208102934
New Orleans,2/28/2019,3/5/2019,Gay Mardi Gras ,1,20181208102934
Fort Lauderdale,3/17/2019,3/24/2019,Atlantis Celebrity Edge gay cruise ,1,20181208102934
Miami,4/1/2019,4/7/2019,Miami Beach gay pride,1,20190324102639
Phoenix,4/6/2019,4/7/2019,Phoenix gay pride,1,20190324102639
Cleveland,4/25/2019,4/28/2019,Claw Leather Awareness,1,20190424100409
Palm Springs,4/26/2019,4/29/2019,White Party Palm Springs,1,20190424100409
Palm Springs,5/3/2019,5/5/2019,Blatino Oasis,1,20190424100409
Dallas,5/9/2019,5/13/2019,Purple Party,1,20190424100409
Los Angeles,5/18/2019,5/19/2019,Long Beach Pride,1,20190911024932
Chicago,5/23/2019,5/27/2019,International Mr Leather,1,20190911024932
Miami,5/23/2019,5/27/2019,Sizzle,1,20190911024932
Washington D.C,5/24/2019,5/27/2019,DC Black Pride,1,20190911024932
Boston,5/31/2019,6/9/2019,Boston Pride,1,20190911024932
Orlando,5/31/2019,6/3/2019,One Magical Weekend,1,20190911024932
Cleveland,6/1/2019,6/1/2019,Cleveland Pride,1,20190911024932
Dallas,6/1/2019,6/2/2019,Dallas Pride Weekend,1,20190911024932
New York,6/1/2019,6/30/2019,NYC Gay Pride / Worldpride,1,20190911024932
Key West,6/5/2019,6/9/2019,Key West PrideFest,1,20190911024932
Washington D.C,6/6/2019,6/9/2019,Capital pride,1,20190911024932
New Orleans,6/7/2019,6/9/2019,Gay Pride New Orleans,1,20190911024932
Detroit,6/8/2019,6/9/2019,Motor City Pride,1,20190911024932
Los Angeles,6/8/2019,6/9/2019,Los Angeles Pride,1,20190911024932
Philadelphia,6/9/2019,6/9/2019,Philly Gay Pride,1,20190911024932
Denver,6/15/2019,6/16/2019,Gay Pride Fest Denver,1,20190911024932
Portland,6/15/2019,6/16/2019,Portland Pride,1,20190911024932
Providence,6/15/2019,6/15/2019,Rhode Island Pride,1,20190911024932
Chicago,6/22/2019,6/23/2019,Chicago Pride,1,20190911024932
Houston,6/22/2019,6/22/2019,Gay Pride Houston,1,20190911024932
Minneapolis,6/22/2019,6/23/2019,Twin Cities Pride,1,20190911024932
New York,6/23/2019,6/23/2019,Folsom Street East,1,20190911024932
Provincetown,6/28/2019,7/5/2019,Independence Weekend,1,20190911024932
New York,6/29/2019,6/29/2019,Harlem Pride,1,20190911024932
San Francisco,6/29/2019,6/30/2019,San Francisco Pride,1,20190911024932
Chicago,6/30/2019,6/30/2019,Chicago Pride,1,20190911024932
Seattle,6/30/2019,6/30/2019,Seattle Pride,1,20190911024932
San Diego,7/12/2019,7/14/2019,San Diego Pride,1,20190911024932
Provincetown,7/13/2019,7/21/2019,Bear Week,1,20190911024932
Seattle,7/14/2019,7/21/2019,RSVP gay Alaska cruise,1,20190911024932
San Francisco,7/28/2019,7/28/2019,Up Your Alley,1,20190911024932
Chicago,8/10/2019,8/11/2019,Northalsted Market Days,1,20190911024932
New York,8/11/2019,8/18/2019,Vacaya PTown gay cruise,1,20190911024932
Orlando,8/13/2019,8/19/2019,Disney Gay Days,1,20190911024932
Provincetown,8/15/2019,8/24/2019,Carnival,1,20190911024932
Black Rock Desert,8/25/2019,9/2/2019,Burning man,1,20190911024932
New Orleans,8/29/2019,9/2/2019,Southern Decadence,1,20190911024932
Austin,8/30/2019,9/2/2019,Splash Days,1,20190911024932
San Francisco,9/8/2019,9/8/2019,Oakland Gay Pride,1,20190911024932
San Francisco,9/29/2019,9/29/2019,Folsom Street Fair,1,20190911024932
Los Angeles,10/4/2019,10/6/2019,Gay Days Anaheim,1,20190911024932
Atlanta,10/11/2019,10/13/2019,Atlanta Pride,1,20190911024932
Oceanside,10/12/2019,10/12/2019,Pride @ the beach,1,20190911024932
Orlando,10/12/2019,10/12/2019,Orlando Pride,1,20190911024932
Honolulu,10/19/2019,10/19/2019,Honolulu gay pride,1,20190911024932
New Orleans,10/25/2019,10/27/2019,Halloween,1,20190911024932
Palm Springs,11/1/2019,11/3/2019,Greater Palm Springs Pride,1,20190911024932
Fort Lauderdale,11/30/2019,12/8/2019,Pig Week,1,20190911024932
Aspen,1/12/2020,1/19/2020,Gay and Lesbian Ski Week,1,20190911024932
Washington D.C,1/17/2020,1/19/2020,Mid Atlantic Leather Weekend,1,20190911024932
Miami,1/19/2020,1/26/2020,Atlantis Oasis all gay cruise,1,20190911024932
New Orleans,2/20/2020,2/25/2020,Gay Mardi Gras,1,20200225054213
Miami,3/4/2020,3/10/2020,Winter Party Miami,1,20200225054213
Dallas,5/7/2020,5/11/2020,Purple Party,1,20200316004457
Orlando,10/10/2020,10/10/2020,Orlando Pride,1,20200825165614
Mammoth Lakes,3/17/2021,3/21/2021,Elevation Mammoth gay ski week,1,20210223181023
New York,6/18/2021,6/20/2021,Folsom Street East,1,20210422021109
Los Angeles,9/17/2021,9/19/2021,Gay Days Anaheim,1,20210918154342
Las Vegas,10/8/2021,10/9/2021,Las Vegas Pride,1,20210918154342
Los Angeles,10/31/2021,11/7/2021,Atlantis LA Mexico gay cruise,1,20210918154342
Fort Lauderdale,11/20/2021,11/21/2021,Pride Fort Lauderdale,1,20210918154342
Fort Lauderdale,11/20/2021,11/21/2021,Pride of the Americas,1,20210918154342
Miami,1/15/2022,1/23/2022,Atlantis Oasis all gay cruise,1,20210918154342
Aspen,1/16/2022,1/23/2022,Gay and Lesbian Ski Week,1,20220118142544
Miami,1/28/2022,2/7/2022,Atlantis Americas gay cruise,1,20220201084449
Palm Springs,2/24/2022,2/28/2022,International Bear Convergence IBC,1,20220201084449
New Orleans,3/1/2022,3/1/2022,Gay Mardi Gras,1,20220201084449
Miami,3/2/2022,3/8/2022,Winter Party Miami,1,20220303172758
Mammoth Lakes,3/16/2022,3/20/2022,Elevation Mammoth gay ski week,1,20220303172758
Cleveland,4/27/2022,5/1/2022,Claw Leather Awareness,1,20220423111305
Palm Springs,4/29/2022,5/1/2022,White Party Palm Springs,1,20220423111305
Dallas,5/5/2022,5/9/2022,Purple Party,1,20220423111305
Chicago,5/26/2022,5/30/2022,International Mr Leather,1,20220519193046
Miami,5/26/2022,5/30/2022,Sizzle,1,20220519193046
Washington D.C,5/27/2022,5/30/2022,DC Black Pride,1,20220519193046
Orlando,5/31/2022,6/6/2022,Disney Gay Days,1,20220519193046
Key West,6/1/2022,6/5/2022,Key West Pride,1,20220519193046
Orlando,6/2/2022,6/6/2022,One Magical Weekend,1,20220519193046
Cleveland,6/4/2022,6/4/2022,Cleveland Pride,1,20220519193046
Dallas,6/4/2022,6/5/2022,Dallas Pride Weekend,1,20220519193046
Los Angeles,6/10/2022,6/12/2022,Los Angeles Pride,1,20220519193046
Washington D.C,6/10/2022,6/12/2022,Capital pride,1,20220519193046
Detroit,6/11/2022,6/12/2022,Motor City Pride,1,20220519193046
Oceanside,6/11/2022,6/11/2022,Pride by the beach,1,20220519193046
Portland,6/18/2022,6/19/2022,Portland Pride,1,20220519193046
Providence,6/18/2022,6/18/2022,Rhode Island Pride,1,20220519193046
Denver,6/25/2022,6/26/2022,Gay Pride Fest Denver,1,20220626025938
Minneapolis,6/25/2022,6/26/2022,Twin Cities Pride,1,20220626025938
San Francisco,6/25/2022,6/26/2022,San Francisco Pride,1,20220626025938
Seattle,6/25/2022,6/26/2022,Seattle Pride,1,20220626025938
Chicago,6/26/2022,6/26/2022,Chicago Pride,1,20220626025938
New York,6/26/2022,6/26/2022,NYC Gay Pride,1,20220626025938
Los Angeles,7/8/2022,7/10/2022,Long Beach Pride,1,20220626025938
San Diego,7/9/2022,7/17/2022,San Diego Pride,1,20220714214246
San Francisco,7/31/2022,7/31/2022,Up Your Alley,1,20220714214246
Chicago,8/6/2022,8/7/2022,Northalsted Market Days,1,20220714214246
Austin,8/13/2022,8/13/2022,Austin Gay Pride,1,20220810090812
New Orleans,9/1/2022,9/5/2022,Southern Decadence,1,20220901034345
Los Angeles,9/16/2022,9/18/2022,Gay Days Anaheim,1,20220901034345
San Francisco,9/25/2022,9/25/2022,Folsom Street Fair,1,20220901034345
Las Vegas,10/7/2022,10/8/2022,Las Vegas Pride,1,20220901034345
Honolulu,10/15/2022,10/15/2022,Honolulu gay pride,1,20220901034345
Orlando,10/15/2022,10/15/2022,Orlando Pride,1,20220901034345
Los Angeles,10/21/2022,10/28/2022,Atlantis LA Mexico gay cruise,1,20220901034345
Palm Springs,11/4/2022,11/6/2022,Greater Palm Springs Pride,1,20220901034345
Phoenix,11/6/2022,11/7/2022,Phoenix LGBT+ gay pride festival,1,20220901034345
Fort Lauderdale,11/25/2022,12/4/2022,Pig Week,1,20220901034345
Washington D.C,1/13/2023,1/16/2023,Mid Atlantic Leather Weekend,1,20230110021932
Aspen,1/15/2023,1/22/2023,Gay and Lesbian Ski Week,1,20230110021932
Orlando,1/22/2023,1/29/2023,Atlantis gay cruise on NCL Prima,1,20230110021932
Fort Lauderdale,2/4/2023,2/12/2023,Atlantis gay cruise on Harmony,1,20230110021932
Fort Lauderdale,2/10/2023,2/12/2023,Pride Fort Lauderdale,1,20230110021932
Miami,2/10/2023,2/17/2023,RSVP Caribbean gay cruise,1,20230110021932
Orlando,3/5/2023,3/12/2023,Atlantis gay cruise on NCL Prima,1,20220519193046
Miami,3/8/2023,3/14/2023,Winter Party Miami,1,20230110021932
Mammoth Lakes,3/15/2023,3/19/2023,Elevation Mammoth gay ski week,1,20230110021932
Cleveland,4/6/2023,4/9/2023,Claw Leather Awareness,1,20230110021932
Miami,4/15/2023,4/16/2023,Miami Beach gay pride,1,20230110021932
Palm Springs,5/12/2023,5/14/2023,White Party Palm Springs,1,20230110021932
Dallas,6/3/2023,6/4/2023,Dallas Pride Weekend,1,20230110021932
Oceanside,6/3/2023,6/3/2023,Pride by the beach,1,20230110021932
Key West,6/7/2023,6/11/2023,Key West Pride,1,20230110021932
Denver,6/24/2023,6/25/2023,Gay Pride Fest Denver,1,20230110021932
San Francisco,6/24/2023,6/25/2023,San Francisco Pride,1,20230110021932
Seattle,6/24/2023,6/25/2023,Seattle Pride,1,20230110021932
Los Angeles,9/22/2023,9/24/2023,Gay Days Anaheim,1,20230110021932
